size_5,size_50,size_300
0.8845321,0.86406029,0.8856764
0.8338739,0.880412,0.8787596
0.8528059,0.8784461,0.8820508
0.8592506,0.89089,0.8791155
0.8879629,0.8753146,0.881386